gender,senior_citizen,partner,dependents,tenure,phone_service,internet_service,contract,payment_method,monthly_charges,total_charges,churn
Female,0,Yes,No,1,Yes,Fiber optic,Month-to-month,Electronic check,70.35,70.35,Yes
Male,0,No,No,34,Yes,DSL,One year,Mailed check,56.95,1934.55,No
Male,0,No,No,2,Yes,Fiber optic,Month-to-month,Mailed check,53.85,108.15,Yes
Male,0,No,No,45,Yes,DSL,One year,Bank transfer,42.30,1840.75,No
Female,0,No,No,2,Yes,Fiber optic,Month-to-month,Electronic check,70.70,151.65,Yes
Female,0,No,No,8,Yes,Fiber optic,Month-to-month,Electronic check,99.65,820.50,Yes
Male,0,No,Yes,22,Yes,Fiber optic,Month-to-month,Credit card,89.10,1949.40,No
Female,0,No,No,10,No,Fiber optic,Month-to-month,Electronic check,29.85,304.20,Yes
Female,0,Yes,No,28,Yes,DSL,One year,Credit card,55.70,1545.40,No
Male,0,No,Yes,62,Yes,DSL,Two year,Bank transfer,53.20,3294.55,No
Female,0,Yes,Yes,13,Yes,DSL,Month-to-month,Mailed check,49.95,587.45,No
Male,0,Yes,No,16,Yes,No,Two year,Credit card,18.95,326.80,No
Female,0,No,No,58,Yes,Fiber optic,One year,Credit card,100.35,5681.10,No
Male,0,No,No,49,Yes,Fiber optic,Month-to-month,Bank transfer,103.70,5036.30,Yes
Female,1,No,No,10,Yes,Fiber optic,Month-to-month,Electronic check,99.55,1052.40,Yes
Male,0,Yes,Yes,25,Yes,DSL,One year,Bank transfer,69.50,1752.65,No
Female,0,No,No,4,Yes,Fiber optic,Month-to-month,Electronic check,95.30,385.00,Yes
Male,0,Yes,Yes,70,Yes,DSL,Two year,Credit card,49.85,3475.20,No
Female,0,Yes,No,30,Yes,Fiber optic,Month-to-month,Electronic check,90.20,2700.50,Yes
Male,1,No,No,3,Yes,Fiber optic,Month-to-month,Electronic check,89.85,272.55,Yes
Female,0,Yes,Yes,65,Yes,DSL,Two year,Bank transfer,45.25,2932.00,No
Male,0,No,No,12,Yes,Fiber optic,Month-to-month,Electronic check,85.50,1026.00,Yes
Female,0,Yes,No,36,Yes,DSL,One year,Credit card,60.15,2165.40,No
Male,0,Yes,Yes,48,Yes,DSL,Two year,Bank transfer,50.45,2421.60,No
Female,1,No,No,6,Yes,Fiber optic,Month-to-month,Electronic check,95.75,574.50,Yes
Male,0,No,No,72,Yes,DSL,Two year,Credit card,39.95,2876.40,No
Female,0,Yes,Yes,24,Yes,Fiber optic,One year,Bank transfer,80.30,1927.20,No
Male,0,No,No,7,Yes,Fiber optic,Month-to-month,Electronic check,92.40,646.80,Yes
Female,0,No,Yes,18,Yes,DSL,Month-to-month,Mailed check,55.25,994.50,Yes
Male,0,Yes,No,55,Yes,Fiber optic,One year,Credit card,95.20,5236.00,No